{"cameraMode":{"drawMode":0,"name":"Shaded","section":"Shading Mode"},"sceneLighting":true,"audioPlay":false,"sceneViewState":{"showFog":true,"showMaterialUpdate":false,"showSkybox":true,"showFlares":true,"showImageEffects":true,"showParticleSystems":true},"in2DMode":false,"pivot":{"x":-50.90599822998047,"y":-9.729000091552735,"z":5.309999942779541},"rotation":{"x":-0.12701615691184998,"y":-0.30069980025291445,"z":0.04087083414196968,"w":-0.9444845914840698},"size":4.71202278137207,"orthographic":false}