{"cameraMode":{"drawMode":0,"name":"Shaded","section":"Shading Mode"},"sceneLighting":true,"audioPlay":false,"sceneViewState":{"showFog":true,"showMaterialUpdate":false,"showSkybox":true,"showFlares":true,"showImageEffects":true,"showParticleSystems":true},"in2DMode":false,"pivot":{"x":-3.5300002098083498,"y":-0.7074218392372131,"z":-10.570000648498536},"rotation":{"x":0.25857409834861758,"y":-0.7410171627998352,"z":0.4595234990119934,"w":0.41610094904899599},"size":40.44082260131836,"orthographic":false}