{"cameraMode":{"drawMode":0,"name":"Shaded","section":"Shading Mode"},"sceneLighting":true,"audioPlay":false,"sceneViewState":{"showFog":true,"showMaterialUpdate":false,"showSkybox":true,"showFlares":true,"showImageEffects":true,"showParticleSystems":true},"in2DMode":false,"pivot":{"x":0.1856839656829834,"y":1.9313480854034424,"z":-5.329999923706055},"rotation":{"x":0.2858617603778839,"y":0.6974424123764038,"z":-0.36470329761505129,"w":0.5466747879981995},"size":4.326107025146484,"orthographic":false}